{
    "id": 39101,
    "name": "Budget",
    "domains": [
        {
            "id": 12909,
            "name": "Portfolio Company Alpha"
        }
    ],
    "metrics": [
        {
            "snapshotLabel": "C++ Apps for MISRA Patterns_Budget",
            "snapshotDate": 1584331200000,
            "softwareAgility": 0.6968571543693542,
            "softwareElegance": 0.8028571605682373,
            "softwareResiliency": 0.7378571033477783,
            "softwareHealth": 0.7458571394284567,
            "openSourceSafety": 1.0,
            "openSourceLicense": 1.0,
            "openSourceObsolescence": null,
            "openSourceCVE": 1.0,
            "businessImpact": 0.5203045685279187,
            "roarIndex": 0.13176342897208118,
            "backFiredFP": 1.0,
            "technicalDebt": 56.89515124261379,
            "maintenanceRecordedFTE": 14.000000000000002,
            "maintenanceRecommendedFTE": 0.0,
            "cloudReady": 0.26719056974459726,
            "cloudReadySurvey": 0.26719056974459726,
            "greenIndex": null,
            "greenIndexScan": null,
            "greenIndexSurvey": null,
            "greenOccurrences": null,
            "greenEffort": null,
            "greenDetail": [
                {
                    "technology": "C/C++",
                    "greenIndexScan": 0.0,
                    "greenIndexDetails": null
                }
            ],
            "totalLinesOfCode": 70,
            "totalFiles": 5,
            "customIndicators": [
                {
                    "metricId": 10023356,
                    "value": "0.050505050505050504"
                },
                {
                    "metricId": 10006001,
                    "value": "0.5531914893617021"
                },
                {
                    "metricId": 10013600,
                    "value": "0.4666666666666667"
                }
            ],
            "technologies": [
                {
                    "technology": "C/C++",
                    "totalLinesOfCode": 70,
                    "totalFiles": 5,
                    "softwareAgility": 0.6968571543693542,
                    "softwareElegance": 0.8028571605682373,
                    "softwareResiliency": 0.7378571033477783,
                    "softwareHealth": 0.7458571394284567,
                    "softwareAgilityDetail": {
                        "highLinesOfCode": 0,
                        "mediumLinesOfCode": 69,
                        "lowLinesOfCode": 1
                    },
                    "softwareEleganceDetail": {
                        "highLinesOfCode": 70,
                        "mediumLinesOfCode": 0,
                        "lowLinesOfCode": 0
                    },
                    "softwareResiliencyDetail": {
                        "highLinesOfCode": 70,
                        "mediumLinesOfCode": 0,
                        "lowLinesOfCode": 0
                    },
                    "softwareHealthDetail": {
                        "highLinesOfCode": 46,
                        "mediumLinesOfCode": 23,
                        "lowLinesOfCode": 0
                    }
                }
            ],
            "components": []
        }
    ],
    "surveys": [
        {
            "id": 371,
            "ref": "CAST_MAINT",
            "name": "Software Maintenance Estimate",
            "questions": [
                {
                    "label": "What is the average skill level of the development team on this type of application?",
                    "value": "1 year",
                    "questionId": 1000015,
                    "choiceId": 1000068
                },
                {
                    "label": "What percentage of the development effort has been spent on maintenance in the last 12 months?",
                    "value": "28.0",
                    "questionId": 1000012
                },
                {
                    "label": "What is the annual staff turnover within the development team?",
                    "value": "10%",
                    "questionId": 1000016,
                    "choiceId": 1000143
                },
                {
                    "label": "What is the CMMI level of the organization?",
                    "value": "Level 3",
                    "questionId": 1000032,
                    "choiceId": 1000257
                },
                {
                    "label": "What is the percentage of change to the base code in the last 12 months?",
                    "value": "10.0",
                    "questionId": 1000121
                }
            ]
        },
        {
            "id": 4,
            "ref": "CAST_BI",
            "name": "Business Impact",
            "questions": [
                {
                    "label": "What is the average number of FTE (Full Time Equivalent) resources that have worked on the source code for this application over the last 12 months?",
                    "shortLabel": "",
                    "value": "50.0",
                    "questionId": 1000011
                },
                {
                    "label": "Is this application aligned with the company's future technology direction?",
                    "shortLabel": "",
                    "value": "Yes",
                    "questionId": 1000009,
                    "choiceId": 1000042
                },
                {
                    "label": "The number of major releases delivered over the last 12 months for this application?",
                    "shortLabel": "",
                    "value": "4 to 6",
                    "questionId": 1000006,
                    "choiceId": 1000453
                },
                {
                    "label": "Could failure of this application lead to loss of customer confidence? Please define the level of impact.",
                    "value": "Medium",
                    "questionId": 1000022,
                    "choiceId": 1000221
                },
                {
                    "label": "Could failure of this application lead to harm of the company's public image? Please define the level of impact.",
                    "value": "Medium",
                    "questionId": 1000021,
                    "choiceId": 1000001
                },
                {
                    "label": "Could failure of this application lead to loss of revenue or business opportunity? Please define the level of impact.",
                    "value": "Low",
                    "questionId": 1000020,
                    "choiceId": 1000406
                },
                {
                    "label": "Could failure of this application lead to disruption? Please define the level of impact.",
                    "value": "Medium",
                    "questionId": 1000019,
                    "choiceId": 1000193
                },
                {
                    "label": "What is the approximate number of end users for this application?",
                    "shortLabel": "",
                    "value": "501 to 2500",
                    "questionId": 1000018,
                    "choiceId": 1000397
                },
                {
                    "label": "Does the application serve internal or external users?",
                    "value": "External users",
                    "questionId": 1000017,
                    "choiceId": 1000203
                }
            ]
        },
        {
            "id": 373,
            "ref": "CAST_APP",
            "name": "Application Properties",
            "questions": [
                {
                    "label": "What is the application type?",
                    "shortLabel": "",
                    "value": "Asset Management Operations / Technology",
                    "questionId": 1000004,