{
    "benchDate": {
        "time": 1769941096000
    },
    "min": {
        "softwareResiliency": 0.0,
        "softwareAgility": 0.0,
        "softwareElegance": 0.0,
        "softwareHealth": 0.0,
        "cloudReady": 0.0,
        "cloudReadyScan": 0.0,
        "cloudReadySurvey": 0.0,
        "openSourceSafety": 0.03418277862293362,
        "numberOfCodeLines": 5002,
        "numberOfFiles": 1,
        "greenIndex": 0.0,
        "greenIndexScan": 0.13874043555032378,
        "greenIndexSurvey": 0.0
    },
    "max": {
        "softwareResiliency": 1.0,
        "softwareAgility": 0.9558640718460083,
        "softwareElegance": 1.0,
        "softwareHealth": 0.9852880239486694,
        "cloudReady": 0.9027845534025818,
        "cloudReadyScan": 0.9027845534025818,
        "cloudReadySurvey": 1.0,
        "openSourceSafety": 1.0,
        "numberOfCodeLines": 161134906,
        "numberOfFiles": 1193816,
        "greenIndex": 1.0,
        "greenIndexScan": 1.0,
        "greenIndexSurvey": 0.9
    },
    "avg": {
        "softwareResiliency": 0.7341156864870545,
        "softwareAgility": 0.6263966252024957,
        "softwareElegance": 0.5524567657329278,
        "softwareHealth": 0.6376563591408261,
        "cloudReady": 0.6332163726816015,
        "cloudReadyScan": 0.6710917026463563,
        "cloudReadySurvey": 0.4379996572974545,
        "openSourceSafety": 0.7343926208946564,
        "numberOfCodeLines": 443569,
        "numberOfFiles": 4204,
        "greenIndex": 0.7445889262975011,
        "greenIndexScan": 0.759933125841209,
        "greenIndexSurvey": 0.4290600219265906
    },
    "quartile1": {
        "softwareResiliency": 0.6373060643672943,
        "softwareAgility": 0.5529282987117767,
        "softwareElegance": 0.41650982946157455,
        "softwareHealth": 0.5355813975135485,
        "cloudReady": 0.561901303031334,
        "cloudReadyScan": 0.6248179909463832,
        "cloudReadySurvey": 0.3574660633484163,
        "openSourceSafety": 0.5968627576077783,
        "numberOfCodeLines": 18314,
        "numberOfFiles": 205,
        "greenIndex": 0.6589516569998497,
        "greenIndexScan": 0.6816119411672765,
        "greenIndexSurvey": 0.34615384615384615
    },
    "quartile2": {
        "softwareResiliency": 0.7512592971324921,
        "softwareAgility": 0.6277225315570831,
        "softwareElegance": 0.5483852028846741,
        "softwareHealth": 0.6424556771914164,
        "cloudReady": 0.6504958240743085,
        "cloudReadyScan": 0.6953908877585411,
        "cloudReadySurvey": 0.43418467583497056,
        "openSourceSafety": 0.7457304828001954,
        "numberOfCodeLines": 63862,
        "numberOfFiles": 599,
        "greenIndex": 0.7546491425917735,
        "greenIndexScan": 0.767180867769795,
        "greenIndexSurvey": 0.4230769230769231
    },
    "quartile3": {
        "softwareResiliency": 0.855987936258316,
        "softwareAgility": 0.7013863921165466,
        "softwareElegance": 0.6901308000087738,
        "softwareHealth": 0.7491683761278788,
        "cloudReady": 0.7237624282623736,
        "cloudReadyScan": 0.744371012849735,
        "cloudReadySurvey": 0.5407741993646888,
        "openSourceSafety": 0.86414812983613,
        "numberOfCodeLines": 252492,
        "numberOfFiles": 2296,
        "greenIndex": 0.8424405029770852,
        "greenIndexScan": 0.8501654673414232,
        "greenIndexSurvey": 0.5153846153846153
    },
    "sampleSize": 28332,
    "yourSize": 0
}